<metadata xml:lang="en"><Esri><CreaDate>20110923</CreaDate><CreaTime>12001600</CreaTime><SyncOnce>FALSE</SyncOnce><SyncDate>20140617</SyncDate><SyncTime>22004800</SyncTime><ModDate>20140617</ModDate><ModTime>22004800</ModTime><DataProperties><lineage><Process Name="FeatureClassToFeatureClass_2" ToolSource="C:\Program Files\ArcGIS\ArcToolbox\Toolboxes\Conversion Tools.tbx\FeatureClassToFeatureClass" Date="20081121" Time="113853">FeatureClassToFeatureClass I:\USERS\GIS\SIMPSON\QAQC\Parcel_FINAL_LOAD.shp "Database Connections\vector_as admin.sde\CvGIS.SDEADMIN90.Parcels" Parcels # "AREA AREA true false false 19 Double 0 0 ,First,#,I:\USERS\GIS\SIMPSON\QAQC\Parcel_FINAL_LOAD.shp,AREA,-1,-1;PERIMETER PERIMETER true false false 19 Double 0 0 ,First,#,I:\USERS\GIS\SIMPSON\QAQC\Parcel_FINAL_LOAD.shp,PERIMETER,-1,-1;PROP_ID PROP_ID true false false 10 Text 0 0 ,First,#,I:\USERS\GIS\SIMPSON\QAQC\Parcel_FINAL_LOAD.shp,PROP_ID,-1,-1;PARCELSPOL PARCELSPOL true false false 10 Double 0 10 ,First,#,I:\USERS\GIS\SIMPSON\QAQC\Parcel_FINAL_LOAD.shp,PARCELSPOL,-1,-1;ADDRESS ADDRESS true false false 50 Text 0 0 ,First,#,I:\USERS\GIS\SIMPSON\QAQC\Parcel_FINAL_LOAD.shp,ADDRESS,-1,-1;ZIPCODE ZIPCODE true false false 9 Text 0 0 ,First,#,I:\USERS\GIS\SIMPSON\QAQC\Parcel_FINAL_LOAD.shp,ZIPCODE,-1,-1;OWNER OWNER true false false 70 Text 0 0 ,First,#,I:\USERS\GIS\SIMPSON\QAQC\Parcel_FINAL_LOAD.shp,OWNER,-1,-1;LEGALDESCR LEGALDESCR true false false 120 Text 0 0 ,First,#,I:\USERS\GIS\SIMPSON\QAQC\Parcel_FINAL_LOAD.shp,LEGALDESCR,-1,-1;ZONE ZONE true false false 5 Text 0 0 ,First,#,I:\USERS\GIS\SIMPSON\QAQC\Parcel_FINAL_LOAD.shp,ZONE,-1,-1;FILETYPE FILETYPE true false false 1 Text 0 0 ,First,#,I:\USERS\GIS\SIMPSON\QAQC\Parcel_FINAL_LOAD.shp,FILETYPE,-1,-1;ST_NUMBER ST_NUMBER true false false 12 Text 0 0 ,First,#,I:\USERS\GIS\SIMPSON\QAQC\Parcel_FINAL_LOAD.shp,ST_NUMBER,-1,-1;ST_NAME ST_NAME true false false 28 Text 0 0 ,First,#,I:\USERS\GIS\SIMPSON\QAQC\Parcel_FINAL_LOAD.shp,ST_NAME,-1,-1;ST_UNIT ST_UNIT true false false 5 Text 0 0 ,First,#,I:\USERS\GIS\SIMPSON\QAQC\Parcel_FINAL_LOAD.shp,ST_UNIT,-1,-1;USE_CODE USE_CODE true false false 3 Text 0 0 ,First,#,I:\USERS\GIS\SIMPSON\QAQC\Parcel_FINAL_LOAD.shp,USE_CODE,-1,-1;CADTYPE CADTYPE true false false 15 Text 0 0 ,First,#,I:\USERS\GIS\SIMPSON\QAQC\Parcel_FINAL_LOAD.shp,CADTYPE,-1,-1;REFNAME REFNAME true false false 15 Text 0 0 ,First,#,I:\USERS\GIS\SIMPSON\QAQC\Parcel_FINAL_LOAD.shp,REFNAME,-1,-1;PARCELMAP PARCELMAP true false false 15 Text 0 0 ,First,#,I:\USERS\GIS\SIMPSON\QAQC\Parcel_FINAL_LOAD.shp,PARCELMAP,-1,-1;LOTSQFT LOTSQFT true false false 19 Double 2 18 ,First,#,I:\USERS\GIS\SIMPSON\QAQC\Parcel_FINAL_LOAD.shp,LOTSQFT,-1,-1;LAYER LAYER true false false 15 Text 0 0 ,First,#,I:\USERS\GIS\SIMPSON\QAQC\Parcel_FINAL_LOAD.shp,LAYER,-1,-1;LYRCOLOR LYRCOLOR true false false 11 Double 0 11 ,First,#,I:\USERS\GIS\SIMPSON\QAQC\Parcel_FINAL_LOAD.shp,LYRCOLOR,-1,-1;PGEXCEPTIO PGEXCEPTIO true false false 11 Double 0 11 ,First,#,I:\USERS\GIS\SIMPSON\QAQC\Parcel_FINAL_LOAD.shp,PGEXCEPTIO,-1,-1;NOPIN NOPIN true false false 11 Double 0 11 ,First,#,I:\USERS\GIS\SIMPSON\QAQC\Parcel_FINAL_LOAD.shp,NOPIN,-1,-1;MULTIPIN MULTIPIN true false false 11 Double 0 11 ,First,#,I:\USERS\GIS\SIMPSON\QAQC\Parcel_FINAL_LOAD.shp,MULTIPIN,-1,-1;PARCELLABE PARCELLABE true false false 11 Text 0 0 ,First,#,I:\USERS\GIS\SIMPSON\QAQC\Parcel_FINAL_LOAD.shp,PARCELLABE,-1,-1;PARCELEXT PARCELEXT true false false 4 Text 0 0 ,First,#,I:\USERS\GIS\SIMPSON\QAQC\Parcel_FINAL_LOAD.shp,PARCELEXT,-1,-1;PARCELNO PARCELNO true false false 11 Double 0 11 ,First,#,I:\USERS\GIS\SIMPSON\QAQC\Parcel_FINAL_LOAD.shp,PARCELNO,-1,-1;MAPPAGE MAPPAGE true false false 7 Text 0 0 ,First,#,I:\USERS\GIS\SIMPSON\QAQC\Parcel_FINAL_LOAD.shp,MAPPAGE,-1,-1;HISTORICDI HISTORICDI true false false 1 Text 0 0 ,First,#,I:\USERS\GIS\SIMPSON\QAQC\Parcel_FINAL_LOAD.shp,HISTORICDI,-1,-1;ENTCORRIDO ENTCORRIDO true false false 3 Text 0 0 ,First,#,I:\USERS\GIS\SIMPSON\QAQC\Parcel_FINAL_LOAD.shp,ENTCORRIDO,-1,-1;PLANNEDUNI PLANNEDUNI true false false 5 Text 0 0 ,First,#,I:\USERS\GIS\SIMPSON\QAQC\Parcel_FINAL_LOAD.shp,PLANNEDUNI,-1,-1;SPECIALUSE SPECIALUSE true false false 5 Text 0 0 ,First,#,I:\USERS\GIS\SIMPSON\QAQC\Parcel_FINAL_LOAD.shp,SPECIALUSE,-1,-1" # "Database Connections\vector_as admin.sde\CvGIS.SDEADMIN90.Parcels\cvgis.SDEADMIN90.Parcels"</Process><Process ToolSource="C:\Program Files\ArcGIS\ArcToolbox\Toolboxes\Conversion Tools.tbx\FeatureClassToFeatureClass" Date="20100504" Time="011759">FeatureClassToFeatureClass "Database Connections\vector_as admin.sde\CvGIS.SDEADMIN90.Parcels\cvgis.SDEADMIN90.Parcels" \\metanoia\geodata\IT\SIMPSON\archive parcel_export_blue_moon.shp # "AREA 'AREA' true true false 8 Double 8 38 ,First,#,Database Connections\vector_as admin.sde\CvGIS.SDEADMIN90.Parcels\cvgis.SDEADMIN90.Parcels,cvgis.SDEADMIN90.Parcels.AREA,-1,-1;PERIMETER 'PERIMETER' true true false 8 Double 8 38 ,First,#,Database Connections\vector_as admin.sde\CvGIS.SDEADMIN90.Parcels\cvgis.SDEADMIN90.Parcels,PERIMETER,-1,-1;PROP_ID 'PROP_ID' true true false 10 Text 0 0 ,First,#,Database Connections\vector_as admin.sde\CvGIS.SDEADMIN90.Parcels\cvgis.SDEADMIN90.Parcels,PROP_ID,-1,-1;PARCELSPOL 'PARCELSPOL' true true false 8 Double 0 10 ,First,#,Database Connections\vector_as admin.sde\CvGIS.SDEADMIN90.Parcels\cvgis.SDEADMIN90.Parcels,PARCELSPOL,-1,-1;ADDRESS 'ADDRESS' true true false 50 Text 0 0 ,First,#,Database Connections\vector_as admin.sde\CvGIS.SDEADMIN90.Parcels\cvgis.SDEADMIN90.Parcels,ADDRESS,-1,-1;ZIPCODE 'ZIPCODE' true true false 9 Text 0 0 ,First,#,Database Connections\vector_as admin.sde\CvGIS.SDEADMIN90.Parcels\cvgis.SDEADMIN90.Parcels,ZIPCODE,-1,-1;OWNER 'OWNER' true true false 70 Text 0 0 ,First,#,Database Connections\vector_as admin.sde\CvGIS.SDEADMIN90.Parcels\cvgis.SDEADMIN90.Parcels,OWNER,-1,-1;LEGALDESCR 'LEGALDESCR' true true false 120 Text 0 0 ,First,#,Database Connections\vector_as admin.sde\CvGIS.SDEADMIN90.Parcels\cvgis.SDEADMIN90.Parcels,LEGALDESCR,-1,-1;ZONE 'ZONE' true true false 5 Text 0 0 ,First,#,Database Connections\vector_as admin.sde\CvGIS.SDEADMIN90.Parcels\cvgis.SDEADMIN90.Parcels,ZONE,-1,-1;FILETYPE 'FILETYPE' true true false 1 Text 0 0 ,First,#,Database Connections\vector_as admin.sde\CvGIS.SDEADMIN90.Parcels\cvgis.SDEADMIN90.Parcels,FILETYPE,-1,-1;ST_NUMBER 'ST_NUMBER' true true false 12 Text 0 0 ,First,#,Database Connections\vector_as admin.sde\CvGIS.SDEADMIN90.Parcels\cvgis.SDEADMIN90.Parcels,ST_NUMBER,-1,-1;ST_NAME 'ST_NAME' true true false 28 Text 0 0 ,First,#,Database Connections\vector_as admin.sde\CvGIS.SDEADMIN90.Parcels\cvgis.SDEADMIN90.Parcels,ST_NAME,-1,-1;ST_UNIT 'ST_UNIT' true true false 5 Text 0 0 ,First,#,Database Connections\vector_as admin.sde\CvGIS.SDEADMIN90.Parcels\cvgis.SDEADMIN90.Parcels,ST_UNIT,-1,-1;USE_CODE 'USE_CODE' true true false 3 Text 0 0 ,First,#,Database Connections\vector_as admin.sde\CvGIS.SDEADMIN90.Parcels\cvgis.SDEADMIN90.Parcels,USE_CODE,-1,-1;CADTYPE 'CADTYPE' true true false 15 Text 0 0 ,First,#,Database Connections\vector_as admin.sde\CvGIS.SDEADMIN90.Parcels\cvgis.SDEADMIN90.Parcels,CADTYPE,-1,-1;REFNAME 'REFNAME' true true false 15 Text 0 0 ,First,#,Database Connections\vector_as admin.sde\CvGIS.SDEADMIN90.Parcels\cvgis.SDEADMIN90.Parcels,REFNAME,-1,-1;PARCELMAP 'PARCELMAP' true true false 15 Text 0 0 ,First,#,Database Connections\vector_as admin.sde\CvGIS.SDEADMIN90.Parcels\cvgis.SDEADMIN90.Parcels,PARCELMAP,-1,-1;LOTSQFT 'LOTSQFT' true true false 8 Double 2 19 ,First,#,Database Connections\vector_as admin.sde\CvGIS.SDEADMIN90.Parcels\cvgis.SDEADMIN90.Parcels,LOTSQFT,-1,-1;LAYER 'LAYER' true true false 15 Text 0 0 ,First,#,Database Connections\vector_as admin.sde\CvGIS.SDEADMIN90.Parcels\cvgis.SDEADMIN90.Parcels,LAYER,-1,-1;LYRCOLOR 'LYRCOLOR' true true false 8 Double 0 11 ,First,#,Database Connections\vector_as admin.sde\CvGIS.SDEADMIN90.Parcels\cvgis.SDEADMIN90.Parcels,LYRCOLOR,-1,-1;PGEXCEPTIO 'PGEXCEPTIO' true true false 8 Double 0 11 ,First,#,Database Connections\vector_as admin.sde\CvGIS.SDEADMIN90.Parcels\cvgis.SDEADMIN90.Parcels,PGEXCEPTIO,-1,-1;NOPIN 'NOPIN' true true false 8 Double 0 11 ,First,#,Database Connections\vector_as admin.sde\CvGIS.SDEADMIN90.Parcels\cvgis.SDEADMIN90.Parcels,NOPIN,-1,-1;MULTIPIN 'MULTIPIN' true true false 8 Double 0 11 ,First,#,Database Connections\vector_as admin.sde\CvGIS.SDEADMIN90.Parcels\cvgis.SDEADMIN90.Parcels,MULTIPIN,-1,-1;PARCELLABE 'PARCELLABE' true true false 11 Text 0 0 ,First,#,Database Connections\vector_as admin.sde\CvGIS.SDEADMIN90.Parcels\cvgis.SDEADMIN90.Parcels,PARCELLABE,-1,-1;PARCELEXT 'PARCELEXT' true true false 4 Text 0 0 ,First,#,Database Connections\vector_as admin.sde\CvGIS.SDEADMIN90.Parcels\cvgis.SDEADMIN90.Parcels,PARCELEXT,-1,-1;PARCELNO 'PARCELNO' true true false 8 Double 0 11 ,First,#,Database Connections\vector_as admin.sde\CvGIS.SDEADMIN90.Parcels\cvgis.SDEADMIN90.Parcels,PARCELNO,-1,-1;MAPPAGE 'MAPPAGE' true true false 7 Text 0 0 ,First,#,Database Connections\vector_as admin.sde\CvGIS.SDEADMIN90.Parcels\cvgis.SDEADMIN90.Parcels,MAPPAGE,-1,-1;HISTORICDI 'HISTORICDI' true true false 1 Text 0 0 ,First,#,Database Connections\vector_as admin.sde\CvGIS.SDEADMIN90.Parcels\cvgis.SDEADMIN90.Parcels,HISTORICDI,-1,-1;ENTCORRIDO 'ENTCORRIDO' true true false 3 Text 0 0 ,First,#,Database Connections\vector_as admin.sde\CvGIS.SDEADMIN90.Parcels\cvgis.SDEADMIN90.Parcels,ENTCORRIDO,-1,-1;PLANNEDUNI 'PLANNEDUNI' true true false 5 Text 0 0 ,First,#,Database Connections\vector_as admin.sde\CvGIS.SDEADMIN90.Parcels\cvgis.SDEADMIN90.Parcels,PLANNEDUNI,-1,-1;SPECIALUSE 'SPECIALUSE' true true false 5 Text 0 0 ,First,#,Database Connections\vector_as admin.sde\CvGIS.SDEADMIN90.Parcels\cvgis.SDEADMIN90.Parcels,SPECIALUSE,-1,-1;SHAPE_area 'SHAPE_area' false false true 0 Double 0 0 ,First,#,Database Connections\vector_as admin.sde\CvGIS.SDEADMIN90.Parcels\cvgis.SDEADMIN90.Parcels,SHAPE.area,-1,-1;SHAPE_len 'SHAPE_len' false false true 0 Double 0 0 ,First,#,Database Connections\vector_as admin.sde\CvGIS.SDEADMIN90.Parcels\cvgis.SDEADMIN90.Parcels,SHAPE.len,-1,-1" # \\metanoia\geodata\IT\SIMPSON\archive\parcel_export_blue_moon.shp</Process><Process ToolSource="C:\Program Files\ArcGIS\ArcToolbox\Toolboxes\Conversion Tools.tbx\FeatureClassToFeatureClass" Date="20100504" Time="065405">FeatureClassToFeatureClass \\metanoia\geodata\IT\SIMPSON\archive\parcel_export_blue_moon.shp "Database Connections\vector_as admin.sde\CvGIS.SDEADMIN90.Parcels" Parcels # "AREA 'AREA' true true false 19 Double 8 18 ,First,#,\\metanoia\geodata\IT\SIMPSON\archive\parcel_export_blue_moon.shp,AREA,-1,-1;PERIMETER 'PERIMETER' true true false 19 Double 8 18 ,First,#,\\metanoia\geodata\IT\SIMPSON\archive\parcel_export_blue_moon.shp,PERIMETER,-1,-1;PROP_ID 'PROP_ID' true true false 10 Text 0 0 ,First,#,\\metanoia\geodata\IT\SIMPSON\archive\parcel_export_blue_moon.shp,PROP_ID,-1,-1;PARCELSPOL 'PARCELSPOL' true true false 10 Double 0 10 ,First,#,\\metanoia\geodata\IT\SIMPSON\archive\parcel_export_blue_moon.shp,PARCELSPOL,-1,-1;ADDRESS 'ADDRESS' true true false 50 Text 0 0 ,First,#,\\metanoia\geodata\IT\SIMPSON\archive\parcel_export_blue_moon.shp,ADDRESS,-1,-1;ZIPCODE 'ZIPCODE' true true false 9 Text 0 0 ,First,#,\\metanoia\geodata\IT\SIMPSON\archive\parcel_export_blue_moon.shp,ZIPCODE,-1,-1;OWNER 'OWNER' true true false 70 Text 0 0 ,First,#,\\metanoia\geodata\IT\SIMPSON\archive\parcel_export_blue_moon.shp,OWNER,-1,-1;LEGALDESCR 'LEGALDESCR' true true false 120 Text 0 0 ,First,#,\\metanoia\geodata\IT\SIMPSON\archive\parcel_export_blue_moon.shp,LEGALDESCR,-1,-1;ZONE 'ZONE' true true false 5 Text 0 0 ,First,#,\\metanoia\geodata\IT\SIMPSON\archive\parcel_export_blue_moon.shp,ZONE,-1,-1;FILETYPE 'FILETYPE' true true false 1 Text 0 0 ,First,#,\\metanoia\geodata\IT\SIMPSON\archive\parcel_export_blue_moon.shp,FILETYPE,-1,-1;ST_NUMBER 'ST_NUMBER' true true false 12 Text 0 0 ,First,#,\\metanoia\geodata\IT\SIMPSON\archive\parcel_export_blue_moon.shp,ST_NUMBER,-1,-1;ST_NAME 'ST_NAME' true true false 28 Text 0 0 ,First,#,\\metanoia\geodata\IT\SIMPSON\archive\parcel_export_blue_moon.shp,ST_NAME,-1,-1;ST_UNIT 'ST_UNIT' true true false 5 Text 0 0 ,First,#,\\metanoia\geodata\IT\SIMPSON\archive\parcel_export_blue_moon.shp,ST_UNIT,-1,-1;USE_CODE 'USE_CODE' true true false 3 Text 0 0 ,First,#,\\metanoia\geodata\IT\SIMPSON\archive\parcel_export_blue_moon.shp,USE_CODE,-1,-1;CADTYPE 'CADTYPE' true true false 15 Text 0 0 ,First,#,\\metanoia\geodata\IT\SIMPSON\archive\parcel_export_blue_moon.shp,CADTYPE,-1,-1;REFNAME 'REFNAME' true true false 15 Text 0 0 ,First,#,\\metanoia\geodata\IT\SIMPSON\archive\parcel_export_blue_moon.shp,REFNAME,-1,-1;PARCELMAP 'PARCELMAP' true true false 15 Text 0 0 ,First,#,\\metanoia\geodata\IT\SIMPSON\archive\parcel_export_blue_moon.shp,PARCELMAP,-1,-1;LOTSQFT 'LOTSQFT' true true false 19 Double 2 18 ,First,#,\\metanoia\geodata\IT\SIMPSON\archive\parcel_export_blue_moon.shp,LOTSQFT,-1,-1;LAYER 'LAYER' true true false 15 Text 0 0 ,First,#,\\metanoia\geodata\IT\SIMPSON\archive\parcel_export_blue_moon.shp,LAYER,-1,-1;LYRCOLOR 'LYRCOLOR' true true false 11 Double 0 11 ,First,#,\\metanoia\geodata\IT\SIMPSON\archive\parcel_export_blue_moon.shp,LYRCOLOR,-1,-1;PGEXCEPTIO 'PGEXCEPTIO' true true false 11 Double 0 11 ,First,#,\\metanoia\geodata\IT\SIMPSON\archive\parcel_export_blue_moon.shp,PGEXCEPTIO,-1,-1;NOPIN 'NOPIN' true true false 11 Double 0 11 ,First,#,\\metanoia\geodata\IT\SIMPSON\archive\parcel_export_blue_moon.shp,NOPIN,-1,-1;MULTIPIN 'MULTIPIN' true true false 11 Double 0 11 ,First,#,\\metanoia\geodata\IT\SIMPSON\archive\parcel_export_blue_moon.shp,MULTIPIN,-1,-1;PARCELLABE 'PARCELLABE' true true false 11 Text 0 0 ,First,#,\\metanoia\geodata\IT\SIMPSON\archive\parcel_export_blue_moon.shp,PARCELLABE,-1,-1;PARCELEXT 'PARCELEXT' true true false 4 Text 0 0 ,First,#,\\metanoia\geodata\IT\SIMPSON\archive\parcel_export_blue_moon.shp,PARCELEXT,-1,-1;PARCELNO 'PARCELNO' true true false 11 Double 0 11 ,First,#,\\metanoia\geodata\IT\SIMPSON\archive\parcel_export_blue_moon.shp,PARCELNO,-1,-1;MAPPAGE 'MAPPAGE' true true false 7 Text 0 0 ,First,#,\\metanoia\geodata\IT\SIMPSON\archive\parcel_export_blue_moon.shp,MAPPAGE,-1,-1;HISTORICDI 'HISTORICDI' true true false 1 Text 0 0 ,First,#,\\metanoia\geodata\IT\SIMPSON\archive\parcel_export_blue_moon.shp,HISTORICDI,-1,-1;ENTCORRIDO 'ENTCORRIDO' true true false 3 Text 0 0 ,First,#,\\metanoia\geodata\IT\SIMPSON\archive\parcel_export_blue_moon.shp,ENTCORRIDO,-1,-1;PLANNEDUNI 'PLANNEDUNI' true true false 5 Text 0 0 ,First,#,\\metanoia\geodata\IT\SIMPSON\archive\parcel_export_blue_moon.shp,PLANNEDUNI,-1,-1;SPECIALUSE 'SPECIALUSE' true true false 5 Text 0 0 ,First,#,\\metanoia\geodata\IT\SIMPSON\archive\parcel_export_blue_moon.shp,SPECIALUSE,-1,-1;SHAPE_area 'SHAPE_area' true true false 19 Double 0 0 ,First,#,\\metanoia\geodata\IT\SIMPSON\archive\parcel_export_blue_moon.shp,SHAPE_area,-1,-1;SHAPE_len 'SHAPE_len' true true false 19 Double 0 0 ,First,#,\\metanoia\geodata\IT\SIMPSON\archive\parcel_export_blue_moon.shp,SHAPE_len,-1,-1" # "Database Connections\vector_as admin.sde\CvGIS.SDEADMIN90.Parcels\cvgis.SDEADMIN90.Parcels"</Process><Process ToolSource="C:\Program Files\ArcGIS\Desktop10.0\ArcToolbox\Toolboxes\Data Management Tools.tbx\CopyFeatures" Date="20110322" Time="105444">CopyFeatures "Database Connections\vector_as_admin.sde\CvGIS.SDEADMIN90.Parcels\cvgis.SDEADMIN90.Parcels" \\Metanoia\geodata\IT\Parcels_2.shp # 0 0 0</Process><Process ToolSource="C:\Program Files\ArcGIS\Desktop10.0\ArcToolbox\Toolboxes\Conversion Tools.tbx\FeatureClassToFeatureClass" Date="20110404" Time="225850">FeatureClassToFeatureClass \\Metanoia\geodata\IT\NancyDR\Parcels_2.shp "Database Connections\vector_as_admin.sde\CvGIS.SDEADMIN90.Parcels" parcels # "cvgis_SDEA "cvgis_SDEA" true true false 19 Double 8 18 ,First,#,\\Metanoia\geodata\IT\NancyDR\Parcels_2.shp,cvgis_SDEA,-1,-1;PERIMETER "PERIMETER" true true false 19 Double 8 18 ,First,#,\\Metanoia\geodata\IT\NancyDR\Parcels_2.shp,PERIMETER,-1,-1;PROP_ID "PROP_ID" true true false 10 Text 0 0 ,First,#,\\Metanoia\geodata\IT\NancyDR\Parcels_2.shp,PROP_ID,-1,-1;PARCELSPOL "PARCELSPOL" true true false 10 Double 0 10 ,First,#,\\Metanoia\geodata\IT\NancyDR\Parcels_2.shp,PARCELSPOL,-1,-1;ADDRESS "ADDRESS" true true false 50 Text 0 0 ,First,#,\\Metanoia\geodata\IT\NancyDR\Parcels_2.shp,ADDRESS,-1,-1;ZIPCODE "ZIPCODE" true true false 9 Text 0 0 ,First,#,\\Metanoia\geodata\IT\NancyDR\Parcels_2.shp,ZIPCODE,-1,-1;OWNER "OWNER" true true false 70 Text 0 0 ,First,#,\\Metanoia\geodata\IT\NancyDR\Parcels_2.shp,OWNER,-1,-1;LEGALDESCR "LEGALDESCR" true true false 120 Text 0 0 ,First,#,\\Metanoia\geodata\IT\NancyDR\Parcels_2.shp,LEGALDESCR,-1,-1;ZONE "ZONE" true true false 5 Text 0 0 ,First,#,\\Metanoia\geodata\IT\NancyDR\Parcels_2.shp,ZONE,-1,-1;FILETYPE "FILETYPE" true true false 1 Text 0 0 ,First,#,\\Metanoia\geodata\IT\NancyDR\Parcels_2.shp,FILETYPE,-1,-1;ST_NUMBER "ST_NUMBER" true true false 12 Text 0 0 ,First,#,\\Metanoia\geodata\IT\NancyDR\Parcels_2.shp,ST_NUMBER,-1,-1;ST_NAME "ST_NAME" true true false 28 Text 0 0 ,First,#,\\Metanoia\geodata\IT\NancyDR\Parcels_2.shp,ST_NAME,-1,-1;ST_UNIT "ST_UNIT" true true false 5 Text 0 0 ,First,#,\\Metanoia\geodata\IT\NancyDR\Parcels_2.shp,ST_UNIT,-1,-1;USE_CODE "USE_CODE" true true false 3 Text 0 0 ,First,#,\\Metanoia\geodata\IT\NancyDR\Parcels_2.shp,USE_CODE,-1,-1;CADTYPE "CADTYPE" true true false 15 Text 0 0 ,First,#,\\Metanoia\geodata\IT\NancyDR\Parcels_2.shp,CADTYPE,-1,-1;REFNAME "REFNAME" true true false 15 Text 0 0 ,First,#,\\Metanoia\geodata\IT\NancyDR\Parcels_2.shp,REFNAME,-1,-1;PARCELMAP "PARCELMAP" true true false 15 Text 0 0 ,First,#,\\Metanoia\geodata\IT\NancyDR\Parcels_2.shp,PARCELMAP,-1,-1;LOTSQFT "LOTSQFT" true true false 19 Double 2 18 ,First,#,\\Metanoia\geodata\IT\NancyDR\Parcels_2.shp,LOTSQFT,-1,-1;LAYER "LAYER" true true false 15 Text 0 0 ,First,#,\\Metanoia\geodata\IT\NancyDR\Parcels_2.shp,LAYER,-1,-1;LYRCOLOR "LYRCOLOR" true true false 11 Double 0 11 ,First,#,\\Metanoia\geodata\IT\NancyDR\Parcels_2.shp,LYRCOLOR,-1,-1;PGEXCEPTIO "PGEXCEPTIO" true true false 11 Double 0 11 ,First,#,\\Metanoia\geodata\IT\NancyDR\Parcels_2.shp,PGEXCEPTIO,-1,-1;NOPIN "NOPIN" true true false 11 Double 0 11 ,First,#,\\Metanoia\geodata\IT\NancyDR\Parcels_2.shp,NOPIN,-1,-1;MULTIPIN "MULTIPIN" true true false 11 Double 0 11 ,First,#,\\Metanoia\geodata\IT\NancyDR\Parcels_2.shp,MULTIPIN,-1,-1;PARCELLABE "PARCELLABE" true true false 11 Text 0 0 ,First,#,\\Metanoia\geodata\IT\NancyDR\Parcels_2.shp,PARCELLABE,-1,-1;PARCELEXT "PARCELEXT" true true false 4 Text 0 0 ,First,#,\\Metanoia\geodata\IT\NancyDR\Parcels_2.shp,PARCELEXT,-1,-1;PARCELNO "PARCELNO" true true false 11 Double 0 11 ,First,#,\\Metanoia\geodata\IT\NancyDR\Parcels_2.shp,PARCELNO,-1,-1;MAPPAGE "MAPPAGE" true true false 7 Text 0 0 ,First,#,\\Metanoia\geodata\IT\NancyDR\Parcels_2.shp,MAPPAGE,-1,-1;HISTORICDI "HISTORICDI" true true false 1 Text 0 0 ,First,#,\\Metanoia\geodata\IT\NancyDR\Parcels_2.shp,HISTORICDI,-1,-1;ENTCORRIDO "ENTCORRIDO" true true false 3 Text 0 0 ,First,#,\\Metanoia\geodata\IT\NancyDR\Parcels_2.shp,ENTCORRIDO,-1,-1;PLANNEDUNI "PLANNEDUNI" true true false 5 Text 0 0 ,First,#,\\Metanoia\geodata\IT\NancyDR\Parcels_2.shp,PLANNEDUNI,-1,-1;SPECIALUSE "SPECIALUSE" true true false 5 Text 0 0 ,First,#,\\Metanoia\geodata\IT\NancyDR\Parcels_2.shp,SPECIALUSE,-1,-1;SHAPE_area "SHAPE_area" true true false 19 Double 0 0 ,First,#,\\Metanoia\geodata\IT\NancyDR\Parcels_2.shp,SHAPE_area,-1,-1;SHAPE_len "SHAPE_len" true true false 19 Double 0 0 ,First,#,\\Metanoia\geodata\IT\NancyDR\Parcels_2.shp,SHAPE_len,-1,-1" #</Process><Process ToolSource="C:\Program Files\ArcGIS\Desktop10.0\ArcToolbox\Toolboxes\Data Management Tools.tbx\CopyFeatures" Date="20110413" Time="071254">CopyFeatures "Database Connections\SDEADMIN90_Connection to odyssey.sde\CvGIS.SDEADMIN90.Parcels\cvgis.SDEADMIN90.Parcels" \\Metanoia\geodata\IT\SDE_Export\GISPRDDB_MIGRATION_PARCELS\Parcels.shp # 0 0 0</Process><Process ToolSource="C:\Program Files\ArcGIS\Desktop10.0\ArcToolbox\Toolboxes\Data Management Tools.tbx\CopyFeatures" Date="20110413" Time="093509">CopyFeatures \\Metanoia\geodata\IT\SDE_Export\GISPRDDB_MIGRATION_PARCELS\Parcels.shp "Database Connections\CITY_citygisloader_Connection to SQL2008DEV.sde\cvgis.CITY.Cadastre\cvgis.CITY.Parcels" # 0 0 0</Process><Process ToolSource="C:\Program Files\ArcGIS\Desktop10.0\ArcToolbox\Toolboxes\Data Management Tools.tbx\CalculateField" Date="20110721" Time="153548">CalculateField "Parcel Area" ZONE PUD VB #</Process><Process ToolSource="C:\Program Files\ArcGIS\Desktop10.0\ArcToolbox\Toolboxes\Conversion Tools.tbx\FeatureClassToFeatureClass" Date="20110808" Time="230734">FeatureClassToFeatureClass "Database Connections\CITY_SQL_Connection to gisprddb.sde\cvgis.CITY.Cadastre\cvgis.CITY.parcel_area" \\metanoia\geodata\IT parcel_area_zone.shp # "CVGIS_SDEA "CVGIS_SDEA" true true false 8 Double 8 26 ,First,#,Database Connections\CITY_SQL_Connection to gisprddb.sde\cvgis.CITY.Cadastre\cvgis.CITY.parcel_area,CVGIS_SDEA,-1,-1;PERIMETER "PERIMETER" true true false 8 Double 8 26 ,First,#,Database Connections\CITY_SQL_Connection to gisprddb.sde\cvgis.CITY.Cadastre\cvgis.CITY.parcel_area,PERIMETER,-1,-1;PROP_ID "PROP_ID" true true false 10 Text 0 0 ,First,#,Database Connections\CITY_SQL_Connection to gisprddb.sde\cvgis.CITY.Cadastre\cvgis.CITY.parcel_area,PROP_ID,-1,-1;PARCELSPOL "PARCELSPOL" true true false 8 Double 0 10 ,First,#,Database Connections\CITY_SQL_Connection to gisprddb.sde\cvgis.CITY.Cadastre\cvgis.CITY.parcel_area,PARCELSPOL,-1,-1;ADDRESS "ADDRESS" true true false 50 Text 0 0 ,First,#,Database Connections\CITY_SQL_Connection to gisprddb.sde\cvgis.CITY.Cadastre\cvgis.CITY.parcel_area,ADDRESS,-1,-1;ZIPCODE "ZIPCODE" true true false 9 Text 0 0 ,First,#,Database Connections\CITY_SQL_Connection to gisprddb.sde\cvgis.CITY.Cadastre\cvgis.CITY.parcel_area,ZIPCODE,-1,-1;OWNER "OWNER" true true false 70 Text 0 0 ,First,#,Database Connections\CITY_SQL_Connection to gisprddb.sde\cvgis.CITY.Cadastre\cvgis.CITY.parcel_area,OWNER,-1,-1;LEGALDESCR "LEGALDESCR" true true false 120 Text 0 0 ,First,#,Database Connections\CITY_SQL_Connection to gisprddb.sde\cvgis.CITY.Cadastre\cvgis.CITY.parcel_area,LEGALDESCR,-1,-1;ZONE "ZONE" true true false 5 Text 0 0 ,First,#,Database Connections\CITY_SQL_Connection to gisprddb.sde\cvgis.CITY.Cadastre\cvgis.CITY.parcel_area,ZONE,-1,-1;FILETYPE "FILETYPE" true true false 1 Text 0 0 ,First,#,Database Connections\CITY_SQL_Connection to gisprddb.sde\cvgis.CITY.Cadastre\cvgis.CITY.parcel_area,FILETYPE,-1,-1;ST_NUMBER "ST_NUMBER" true true false 12 Text 0 0 ,First,#,Database Connections\CITY_SQL_Connection to gisprddb.sde\cvgis.CITY.Cadastre\cvgis.CITY.parcel_area,ST_NUMBER,-1,-1;ST_NAME "ST_NAME" true true false 28 Text 0 0 ,First,#,Database Connections\CITY_SQL_Connection to gisprddb.sde\cvgis.CITY.Cadastre\cvgis.CITY.parcel_area,ST_NAME,-1,-1;ST_UNIT "ST_UNIT" true true false 5 Text 0 0 ,First,#,Database Connections\CITY_SQL_Connection to gisprddb.sde\cvgis.CITY.Cadastre\cvgis.CITY.parcel_area,ST_UNIT,-1,-1;USE_CODE "USE_CODE" true true false 3 Text 0 0 ,First,#,Database Connections\CITY_SQL_Connection to gisprddb.sde\cvgis.CITY.Cadastre\cvgis.CITY.parcel_area,USE_CODE,-1,-1;CADTYPE "CADTYPE" true true false 15 Text 0 0 ,First,#,Database Connections\CITY_SQL_Connection to gisprddb.sde\cvgis.CITY.Cadastre\cvgis.CITY.parcel_area,CADTYPE,-1,-1;REFNAME "REFNAME" true true false 15 Text 0 0 ,First,#,Database Connections\CITY_SQL_Connection to gisprddb.sde\cvgis.CITY.Cadastre\cvgis.CITY.parcel_area,REFNAME,-1,-1;PARCELMAP "PARCELMAP" true true false 15 Text 0 0 ,First,#,Database Connections\CITY_SQL_Connection to gisprddb.sde\cvgis.CITY.Cadastre\cvgis.CITY.parcel_area,PARCELMAP,-1,-1;LOTSQFT "LOTSQFT" true true false 8 Double 2 20 ,First,#,Database Connections\CITY_SQL_Connection to gisprddb.sde\cvgis.CITY.Cadastre\cvgis.CITY.parcel_area,LOTSQFT,-1,-1;LAYER "LAYER" true true false 15 Text 0 0 ,First,#,Database Connections\CITY_SQL_Connection to gisprddb.sde\cvgis.CITY.Cadastre\cvgis.CITY.parcel_area,LAYER,-1,-1;LYRCOLOR "LYRCOLOR" true true false 8 Double 0 11 ,First,#,Database Connections\CITY_SQL_Connection to gisprddb.sde\cvgis.CITY.Cadastre\cvgis.CITY.parcel_area,LYRCOLOR,-1,-1;PGEXCEPTIO "PGEXCEPTIO" true true false 8 Double 0 11 ,First,#,Database Connections\CITY_SQL_Connection to gisprddb.sde\cvgis.CITY.Cadastre\cvgis.CITY.parcel_area,PGEXCEPTIO,-1,-1;NOPIN "NOPIN" true true false 8 Double 0 11 ,First,#,Database Connections\CITY_SQL_Connection to gisprddb.sde\cvgis.CITY.Cadastre\cvgis.CITY.parcel_area,NOPIN,-1,-1;MULTIPIN "MULTIPIN" true true false 8 Double 0 11 ,First,#,Database Connections\CITY_SQL_Connection to gisprddb.sde\cvgis.CITY.Cadastre\cvgis.CITY.parcel_area,MULTIPIN,-1,-1;PARCELLABE "PARCELLABE" true true false 11 Text 0 0 ,First,#,Database Connections\CITY_SQL_Connection to gisprddb.sde\cvgis.CITY.Cadastre\cvgis.CITY.parcel_area,PARCELLABE,-1,-1;PARCELEXT "PARCELEXT" true true false 4 Text 0 0 ,First,#,Database Connections\CITY_SQL_Connection to gisprddb.sde\cvgis.CITY.Cadastre\cvgis.CITY.parcel_area,PARCELEXT,-1,-1;PARCELNO "PARCELNO" true true false 8 Double 0 11 ,First,#,Database Connections\CITY_SQL_Connection to gisprddb.sde\cvgis.CITY.Cadastre\cvgis.CITY.parcel_area,PARCELNO,-1,-1;MAPPAGE "MAPPAGE" true true false 7 Text 0 0 ,First,#,Database Connections\CITY_SQL_Connection to gisprddb.sde\cvgis.CITY.Cadastre\cvgis.CITY.parcel_area,MAPPAGE,-1,-1;HISTORICDI "HISTORICDI" true true false 1 Text 0 0 ,First,#,Database Connections\CITY_SQL_Connection to gisprddb.sde\cvgis.CITY.Cadastre\cvgis.CITY.parcel_area,HISTORICDI,-1,-1;ENTCORRIDO "ENTCORRIDO" true true false 3 Text 0 0 ,First,#,Database Connections\CITY_SQL_Connection to gisprddb.sde\cvgis.CITY.Cadastre\cvgis.CITY.parcel_area,ENTCORRIDO,-1,-1;PLANNEDUNI "PLANNEDUNI" true true false 5 Text 0 0 ,First,#,Database Connections\CITY_SQL_Connection to gisprddb.sde\cvgis.CITY.Cadastre\cvgis.CITY.parcel_area,PLANNEDUNI,-1,-1;SPECIALUSE "SPECIALUSE" true true false 5 Text 0 0 ,First,#,Database Connections\CITY_SQL_Connection to gisprddb.sde\cvgis.CITY.Cadastre\cvgis.CITY.parcel_area,SPECIALUSE,-1,-1;Shape_area "Shape.area" false false true 0 Double 0 0 ,First,#,Database Connections\CITY_SQL_Connection to gisprddb.sde\cvgis.CITY.Cadastre\cvgis.CITY.parcel_area,Shape.area,-1,-1;Shape_len "Shape.len" false false true 0 Double 0 0 ,First,#,Database Connections\CITY_SQL_Connection to gisprddb.sde\cvgis.CITY.Cadastre\cvgis.CITY.parcel_area,Shape.len,-1,-1" #</Process><Process ToolSource="C:\Program Files\ArcGIS\Desktop10.0\ArcToolbox\Toolboxes\Data Management Tools.tbx\CalculateField" Date="20110808" Time="231255">CalculateField parcel_area_zone ZONE2 [ZONE] VB #</Process><Process ToolSource="C:\Program Files\ArcGIS\Desktop10.0\ArcToolbox\Toolboxes\Data Management Tools.tbx\CalculateField" Date="20110808" Time="231427">CalculateField parcel_area_zone ZONE [ZONE2] VB #</Process><Process ToolSource="C:\Program Files\ArcGIS\Desktop10.0\ArcToolbox\Toolboxes\Conversion Tools.tbx\FeatureClassToFeatureClass" Date="20110818" Time="214135">FeatureClassToFeatureClass \\metanoia\geodata\IT\parcel_area_zone.shp "Database Connections\CITY_SQL_Connection to gisprddb.sde\cvgis.CITY.Cadastre" parcel_area # "CVGIS_SDEA "CVGIS_SDEA" true true false 19 Double 8 18 ,First,#,\\metanoia\geodata\IT\parcel_area_zone.shp,CVGIS_SDEA,-1,-1;PERIMETER "PERIMETER" true true false 19 Double 8 18 ,First,#,\\metanoia\geodata\IT\parcel_area_zone.shp,PERIMETER,-1,-1;PROP_ID "PROP_ID" true true false 10 Text 0 0 ,First,#,\\metanoia\geodata\IT\parcel_area_zone.shp,PROP_ID,-1,-1;PARCELSPOL "PARCELSPOL" true true false 10 Double 0 10 ,First,#,\\metanoia\geodata\IT\parcel_area_zone.shp,PARCELSPOL,-1,-1;ADDRESS "ADDRESS" true true false 50 Text 0 0 ,First,#,\\metanoia\geodata\IT\parcel_area_zone.shp,ADDRESS,-1,-1;ZIPCODE "ZIPCODE" true true false 9 Text 0 0 ,First,#,\\metanoia\geodata\IT\parcel_area_zone.shp,ZIPCODE,-1,-1;OWNER "OWNER" true true false 70 Text 0 0 ,First,#,\\metanoia\geodata\IT\parcel_area_zone.shp,OWNER,-1,-1;LEGALDESCR "LEGALDESCR" true true false 120 Text 0 0 ,First,#,\\metanoia\geodata\IT\parcel_area_zone.shp,LEGALDESCR,-1,-1;FILETYPE "FILETYPE" true true false 1 Text 0 0 ,First,#,\\metanoia\geodata\IT\parcel_area_zone.shp,FILETYPE,-1,-1;ST_NUMBER "ST_NUMBER" true true false 12 Text 0 0 ,First,#,\\metanoia\geodata\IT\parcel_area_zone.shp,ST_NUMBER,-1,-1;ST_NAME "ST_NAME" true true false 28 Text 0 0 ,First,#,\\metanoia\geodata\IT\parcel_area_zone.shp,ST_NAME,-1,-1;ST_UNIT "ST_UNIT" true true false 5 Text 0 0 ,First,#,\\metanoia\geodata\IT\parcel_area_zone.shp,ST_UNIT,-1,-1;USE_CODE "USE_CODE" true true false 3 Text 0 0 ,First,#,\\metanoia\geodata\IT\parcel_area_zone.shp,USE_CODE,-1,-1;CADTYPE "CADTYPE" true true false 15 Text 0 0 ,First,#,\\metanoia\geodata\IT\parcel_area_zone.shp,CADTYPE,-1,-1;REFNAME "REFNAME" true true false 15 Text 0 0 ,First,#,\\metanoia\geodata\IT\parcel_area_zone.shp,REFNAME,-1,-1;PARCELMAP "PARCELMAP" true true false 15 Text 0 0 ,First,#,\\metanoia\geodata\IT\parcel_area_zone.shp,PARCELMAP,-1,-1;LOTSQFT "LOTSQFT" true true false 19 Double 2 18 ,First,#,\\metanoia\geodata\IT\parcel_area_zone.shp,LOTSQFT,-1,-1;LAYER "LAYER" true true false 15 Text 0 0 ,First,#,\\metanoia\geodata\IT\parcel_area_zone.shp,LAYER,-1,-1;LYRCOLOR "LYRCOLOR" true true false 11 Double 0 11 ,First,#,\\metanoia\geodata\IT\parcel_area_zone.shp,LYRCOLOR,-1,-1;PGEXCEPTIO "PGEXCEPTIO" true true false 11 Double 0 11 ,First,#,\\metanoia\geodata\IT\parcel_area_zone.shp,PGEXCEPTIO,-1,-1;NOPIN "NOPIN" true true false 11 Double 0 11 ,First,#,\\metanoia\geodata\IT\parcel_area_zone.shp,NOPIN,-1,-1;MULTIPIN "MULTIPIN" true true false 11 Double 0 11 ,First,#,\\metanoia\geodata\IT\parcel_area_zone.shp,MULTIPIN,-1,-1;PARCELLABE "PARCELLABE" true true false 11 Text 0 0 ,First,#,\\metanoia\geodata\IT\parcel_area_zone.shp,PARCELLABE,-1,-1;PARCELEXT "PARCELEXT" true true false 4 Text 0 0 ,First,#,\\metanoia\geodata\IT\parcel_area_zone.shp,PARCELEXT,-1,-1;PARCELNO "PARCELNO" true true false 11 Double 0 11 ,First,#,\\metanoia\geodata\IT\parcel_area_zone.shp,PARCELNO,-1,-1;MAPPAGE "MAPPAGE" true true false 7 Text 0 0 ,First,#,\\metanoia\geodata\IT\parcel_area_zone.shp,MAPPAGE,-1,-1;HISTORICDI "HISTORICDI" true true false 1 Text 0 0 ,First,#,\\metanoia\geodata\IT\parcel_area_zone.shp,HISTORICDI,-1,-1;ENTCORRIDO "ENTCORRIDO" true true false 3 Text 0 0 ,First,#,\\metanoia\geodata\IT\parcel_area_zone.shp,ENTCORRIDO,-1,-1;PLANNEDUNI "PLANNEDUNI" true true false 5 Text 0 0 ,First,#,\\metanoia\geodata\IT\parcel_area_zone.shp,PLANNEDUNI,-1,-1;SPECIALUSE "SPECIALUSE" true true false 5 Text 0 0 ,First,#,\\metanoia\geodata\IT\parcel_area_zone.shp,SPECIALUSE,-1,-1;Shape_area "Shape_area" true true false 19 Double 0 0 ,First,#,\\metanoia\geodata\IT\parcel_area_zone.shp,Shape_area,-1,-1;Shape_len "Shape_len" true true false 19 Double 0 0 ,First,#,\\metanoia\geodata\IT\parcel_area_zone.shp,Shape_len,-1,-1;ZONE "ZONE" true true false 10 Text 0 0 ,First,#,\\metanoia\geodata\IT\parcel_area_zone.shp,ZONE,-1,-1" #</Process><Process ToolSource="C:\Program Files\ArcGIS\Desktop10.0\ArcToolbox\Toolboxes\Data Management Tools.tbx\CopyFeatures" Date="20110911" Time="200215">CopyFeatures "\\Metanoia\geodata\NDS\EMERICK\python playground\temp\Connection to GISPRDDB.sde\cvgis.CITY.parcel_area" "\\Metanoia\geodata\NDS\EMERICK\python playground\temp\parcel_area.shp" # 0 0 0</Process><Process ToolSource="C:\Program Files\ArcGIS\Desktop10.0\ArcToolbox\Toolboxes\Conversion Tools.tbx\FeatureClassToFeatureClass" Date="20110915" Time="002652">FeatureClassToFeatureClass C:\Users\simpsonm\Downloads\parcel_area\parcel_area_09_11_2011.shp "Database Connections\CITY_SQL_Connection to gisprddb.sde\cvgis.CITY.Cadastre" parcel_area # "CVGIS_SDEA "CVGIS_SDEA" true true false 19 Double 8 18 ,First,#,C:\Users\simpsonm\Downloads\parcel_area\parcel_area_09_11_2011.shp,CVGIS_SDEA,-1,-1;PERIMETER "PERIMETER" true true false 19 Double 8 18 ,First,#,C:\Users\simpsonm\Downloads\parcel_area\parcel_area_09_11_2011.shp,PERIMETER,-1,-1;PROP_ID "PROP_ID" true true false 10 Text 0 0 ,First,#,C:\Users\simpsonm\Downloads\parcel_area\parcel_area_09_11_2011.shp,PROP_ID,-1,-1;PARCELSPOL "PARCELSPOL" true true false 10 Double 0 10 ,First,#,C:\Users\simpsonm\Downloads\parcel_area\parcel_area_09_11_2011.shp,PARCELSPOL,-1,-1;ADDRESS "ADDRESS" true true false 50 Text 0 0 ,First,#,C:\Users\simpsonm\Downloads\parcel_area\parcel_area_09_11_2011.shp,ADDRESS,-1,-1;ZIPCODE "ZIPCODE" true true false 9 Text 0 0 ,First,#,C:\Users\simpsonm\Downloads\parcel_area\parcel_area_09_11_2011.shp,ZIPCODE,-1,-1;OWNER "OWNER" true true false 70 Text 0 0 ,First,#,C:\Users\simpsonm\Downloads\parcel_area\parcel_area_09_11_2011.shp,OWNER,-1,-1;LEGALDESCR "LEGALDESCR" true true false 120 Text 0 0 ,First,#,C:\Users\simpsonm\Downloads\parcel_area\parcel_area_09_11_2011.shp,LEGALDESCR,-1,-1;FILETYPE "FILETYPE" true true false 1 Text 0 0 ,First,#,C:\Users\simpsonm\Downloads\parcel_area\parcel_area_09_11_2011.shp,FILETYPE,-1,-1;ST_NUMBER "ST_NUMBER" true true false 12 Text 0 0 ,First,#,C:\Users\simpsonm\Downloads\parcel_area\parcel_area_09_11_2011.shp,ST_NUMBER,-1,-1;ST_NAME "ST_NAME" true true false 28 Text 0 0 ,First,#,C:\Users\simpsonm\Downloads\parcel_area\parcel_area_09_11_2011.shp,ST_NAME,-1,-1;ST_UNIT "ST_UNIT" true true false 5 Text 0 0 ,First,#,C:\Users\simpsonm\Downloads\parcel_area\parcel_area_09_11_2011.shp,ST_UNIT,-1,-1;USE_CODE "USE_CODE" true true false 3 Text 0 0 ,First,#,C:\Users\simpsonm\Downloads\parcel_area\parcel_area_09_11_2011.shp,USE_CODE,-1,-1;CADTYPE "CADTYPE" true true false 15 Text 0 0 ,First,#,C:\Users\simpsonm\Downloads\parcel_area\parcel_area_09_11_2011.shp,CADTYPE,-1,-1;REFNAME "REFNAME" true true false 15 Text 0 0 ,First,#,C:\Users\simpsonm\Downloads\parcel_area\parcel_area_09_11_2011.shp,REFNAME,-1,-1;PARCELMAP "PARCELMAP" true true false 15 Text 0 0 ,First,#,C:\Users\simpsonm\Downloads\parcel_area\parcel_area_09_11_2011.shp,PARCELMAP,-1,-1;LOTSQFT "LOTSQFT" true true false 19 Double 2 18 ,First,#,C:\Users\simpsonm\Downloads\parcel_area\parcel_area_09_11_2011.shp,LOTSQFT,-1,-1;LAYER "LAYER" true true false 15 Text 0 0 ,First,#,C:\Users\simpsonm\Downloads\parcel_area\parcel_area_09_11_2011.shp,LAYER,-1,-1;LYRCOLOR "LYRCOLOR" true true false 11 Double 0 11 ,First,#,C:\Users\simpsonm\Downloads\parcel_area\parcel_area_09_11_2011.shp,LYRCOLOR,-1,-1;PGEXCEPTIO "PGEXCEPTIO" true true false 11 Double 0 11 ,First,#,C:\Users\simpsonm\Downloads\parcel_area\parcel_area_09_11_2011.shp,PGEXCEPTIO,-1,-1;NOPIN "NOPIN" true true false 11 Double 0 11 ,First,#,C:\Users\simpsonm\Downloads\parcel_area\parcel_area_09_11_2011.shp,NOPIN,-1,-1;MULTIPIN "MULTIPIN" true true false 11 Double 0 11 ,First,#,C:\Users\simpsonm\Downloads\parcel_area\parcel_area_09_11_2011.shp,MULTIPIN,-1,-1;PARCELLABE "PARCELLABE" true true false 11 Text 0 0 ,First,#,C:\Users\simpsonm\Downloads\parcel_area\parcel_area_09_11_2011.shp,PARCELLABE,-1,-1;PARCELEXT "PARCELEXT" true true false 4 Text 0 0 ,First,#,C:\Users\simpsonm\Downloads\parcel_area\parcel_area_09_11_2011.shp,PARCELEXT,-1,-1;PARCELNO "PARCELNO" true true false 11 Double 0 11 ,First,#,C:\Users\simpsonm\Downloads\parcel_area\parcel_area_09_11_2011.shp,PARCELNO,-1,-1;MAPPAGE "MAPPAGE" true true false 7 Text 0 0 ,First,#,C:\Users\simpsonm\Downloads\parcel_area\parcel_area_09_11_2011.shp,MAPPAGE,-1,-1;HISTORICDI "HISTORICDI" true true false 1 Text 0 0 ,First,#,C:\Users\simpsonm\Downloads\parcel_area\parcel_area_09_11_2011.shp,HISTORICDI,-1,-1;ENTCORRIDO "ENTCORRIDO" true true false 3 Text 0 0 ,First,#,C:\Users\simpsonm\Downloads\parcel_area\parcel_area_09_11_2011.shp,ENTCORRIDO,-1,-1;PLANNEDUNI "PLANNEDUNI" true true false 5 Text 0 0 ,First,#,C:\Users\simpsonm\Downloads\parcel_area\parcel_area_09_11_2011.shp,PLANNEDUNI,-1,-1;SPECIALUSE "SPECIALUSE" true true false 5 Text 0 0 ,First,#,C:\Users\simpsonm\Downloads\parcel_area\parcel_area_09_11_2011.shp,SPECIALUSE,-1,-1;ZONE "ZONE" true true false 10 Text 0 0 ,First,#,C:\Users\simpsonm\Downloads\parcel_area\parcel_area_09_11_2011.shp,ZONE,-1,-1;Shape_area "Shape_area" true true false 19 Double 0 0 ,First,#,C:\Users\simpsonm\Downloads\parcel_area\parcel_area_09_11_2011.shp,Shape_area,-1,-1;Shape_len "Shape_len" true true false 19 Double 0 0 ,First,#,C:\Users\simpsonm\Downloads\parcel_area\parcel_area_09_11_2011.shp,Shape_len,-1,-1" #</Process><Process ToolSource="C:\Program Files\ArcGIS\Desktop10.0\ArcToolbox\Toolboxes\Conversion Tools.tbx\FeatureClassToFeatureClass" Date="20110922" Time="120124">FeatureClassToFeatureClass "Database Connections\Connection to GISPRDDB.sde\cvgis.CITY.Cadastre\cvgis.CITY.parcel_area" \\METANOIA\GeoData\NDS\EMERICK\parcel_topology_test.gdb\cadastre parcel_area_09222011_3 # "CVGIS_SDEA "CVGIS_SDEA" true true false 8 Double 8 19 ,First,#,Database Connections\Connection to GISPRDDB.sde\cvgis.CITY.Cadastre\cvgis.CITY.parcel_area,CVGIS_SDEA,-1,-1;PERIMETER "PERIMETER" true true false 8 Double 8 19 ,First,#,Database Connections\Connection to GISPRDDB.sde\cvgis.CITY.Cadastre\cvgis.CITY.parcel_area,PERIMETER,-1,-1;PROP_ID "PROP_ID" true true false 10 Text 0 0 ,First,#,Database Connections\Connection to GISPRDDB.sde\cvgis.CITY.Cadastre\cvgis.CITY.parcel_area,PROP_ID,-1,-1;PARCELSPOL "PARCELSPOL" true true false 8 Double 0 10 ,First,#,Database Connections\Connection to GISPRDDB.sde\cvgis.CITY.Cadastre\cvgis.CITY.parcel_area,PARCELSPOL,-1,-1;ADDRESS "ADDRESS" true true false 50 Text 0 0 ,First,#,Database Connections\Connection to GISPRDDB.sde\cvgis.CITY.Cadastre\cvgis.CITY.parcel_area,ADDRESS,-1,-1;ZIPCODE "ZIPCODE" true true false 9 Text 0 0 ,First,#,Database Connections\Connection to GISPRDDB.sde\cvgis.CITY.Cadastre\cvgis.CITY.parcel_area,ZIPCODE,-1,-1;OWNER "OWNER" true true false 70 Text 0 0 ,First,#,Database Connections\Connection to GISPRDDB.sde\cvgis.CITY.Cadastre\cvgis.CITY.parcel_area,OWNER,-1,-1;LEGALDESCR "LEGALDESCR" true true false 120 Text 0 0 ,First,#,Database Connections\Connection to GISPRDDB.sde\cvgis.CITY.Cadastre\cvgis.CITY.parcel_area,LEGALDESCR,-1,-1;FILETYPE "FILETYPE" true true false 1 Text 0 0 ,First,#,Database Connections\Connection to GISPRDDB.sde\cvgis.CITY.Cadastre\cvgis.CITY.parcel_area,FILETYPE,-1,-1;ST_NUMBER "ST_NUMBER" true true false 12 Text 0 0 ,First,#,Database Connections\Connection to GISPRDDB.sde\cvgis.CITY.Cadastre\cvgis.CITY.parcel_area,ST_NUMBER,-1,-1;ST_NAME "ST_NAME" true true false 28 Text 0 0 ,First,#,Database Connections\Connection to GISPRDDB.sde\cvgis.CITY.Cadastre\cvgis.CITY.parcel_area,ST_NAME,-1,-1;ST_UNIT "ST_UNIT" true true false 5 Text 0 0 ,First,#,Database Connections\Connection to GISPRDDB.sde\cvgis.CITY.Cadastre\cvgis.CITY.parcel_area,ST_UNIT,-1,-1;USE_CODE "USE_CODE" true true false 3 Text 0 0 ,First,#,Database Connections\Connection to GISPRDDB.sde\cvgis.CITY.Cadastre\cvgis.CITY.parcel_area,USE_CODE,-1,-1;CADTYPE "CADTYPE" true true false 15 Text 0 0 ,First,#,Database Connections\Connection to GISPRDDB.sde\cvgis.CITY.Cadastre\cvgis.CITY.parcel_area,CADTYPE,-1,-1;REFNAME "REFNAME" true true false 15 Text 0 0 ,First,#,Database Connections\Connection to GISPRDDB.sde\cvgis.CITY.Cadastre\cvgis.CITY.parcel_area,REFNAME,-1,-1;PARCELMAP "PARCELMAP" true true false 15 Text 0 0 ,First,#,Database Connections\Connection to GISPRDDB.sde\cvgis.CITY.Cadastre\cvgis.CITY.parcel_area,PARCELMAP,-1,-1;LOTSQFT "LOTSQFT" true true false 8 Double 2 19 ,First,#,Database Connections\Connection to GISPRDDB.sde\cvgis.CITY.Cadastre\cvgis.CITY.parcel_area,LOTSQFT,-1,-1;LAYER "LAYER" true true false 15 Text 0 0 ,First,#,Database Connections\Connection to GISPRDDB.sde\cvgis.CITY.Cadastre\cvgis.CITY.parcel_area,LAYER,-1,-1;LYRCOLOR "LYRCOLOR" true true false 8 Double 0 11 ,First,#,Database Connections\Connection to GISPRDDB.sde\cvgis.CITY.Cadastre\cvgis.CITY.parcel_area,LYRCOLOR,-1,-1;PGEXCEPTIO "PGEXCEPTIO" true true false 8 Double 0 11 ,First,#,Database Connections\Connection to GISPRDDB.sde\cvgis.CITY.Cadastre\cvgis.CITY.parcel_area,PGEXCEPTIO,-1,-1;NOPIN "NOPIN" true true false 8 Double 0 11 ,First,#,Database Connections\Connection to GISPRDDB.sde\cvgis.CITY.Cadastre\cvgis.CITY.parcel_area,NOPIN,-1,-1;MULTIPIN "MULTIPIN" true true false 8 Double 0 11 ,First,#,Database Connections\Connection to GISPRDDB.sde\cvgis.CITY.Cadastre\cvgis.CITY.parcel_area,MULTIPIN,-1,-1;PARCELLABE "PARCELLABE" true true false 11 Text 0 0 ,First,#,Database Connections\Connection to GISPRDDB.sde\cvgis.CITY.Cadastre\cvgis.CITY.parcel_area,PARCELLABE,-1,-1;PARCELEXT "PARCELEXT" true true false 4 Text 0 0 ,First,#,Database Connections\Connection to GISPRDDB.sde\cvgis.CITY.Cadastre\cvgis.CITY.parcel_area,PARCELEXT,-1,-1;PARCELNO "PARCELNO" true true false 8 Double 0 11 ,First,#,Database Connections\Connection to GISPRDDB.sde\cvgis.CITY.Cadastre\cvgis.CITY.parcel_area,PARCELNO,-1,-1;MAPPAGE "MAPPAGE" true true false 7 Text 0 0 ,First,#,Database Connections\Connection to GISPRDDB.sde\cvgis.CITY.Cadastre\cvgis.CITY.parcel_area,MAPPAGE,-1,-1;HISTORICDI "HISTORICDI" true true false 1 Text 0 0 ,First,#,Database Connections\Connection to GISPRDDB.sde\cvgis.CITY.Cadastre\cvgis.CITY.parcel_area,HISTORICDI,-1,-1;ENTCORRIDO "ENTCORRIDO" true true false 3 Text 0 0 ,First,#,Database Connections\Connection to GISPRDDB.sde\cvgis.CITY.Cadastre\cvgis.CITY.parcel_area,ENTCORRIDO,-1,-1;PLANNEDUNI "PLANNEDUNI" true true false 5 Text 0 0 ,First,#,Database Connections\Connection to GISPRDDB.sde\cvgis.CITY.Cadastre\cvgis.CITY.parcel_area,PLANNEDUNI,-1,-1;SPECIALUSE "SPECIALUSE" true true false 5 Text 0 0 ,First,#,Database Connections\Connection to GISPRDDB.sde\cvgis.CITY.Cadastre\cvgis.CITY.parcel_area,SPECIALUSE,-1,-1;ZONE "ZONE" true true false 10 Text 0 0 ,First,#,Database Connections\Connection to GISPRDDB.sde\cvgis.CITY.Cadastre\cvgis.CITY.parcel_area,ZONE,-1,-1;Shape_area "Shape.area" false false true 0 Double 0 0 ,First,#,Database Connections\Connection to GISPRDDB.sde\cvgis.CITY.Cadastre\cvgis.CITY.parcel_area,Shape.area,-1,-1;Shape_len "Shape.len" false false true 0 Double 0 0 ,First,#,Database Connections\Connection to GISPRDDB.sde\cvgis.CITY.Cadastre\cvgis.CITY.parcel_area,Shape.len,-1,-1" #</Process><Process ToolSource="C:\Program Files\ArcGIS\Desktop10.0\ArcToolbox\Toolboxes\Data Management Tools.tbx\AddField" Date="20110923" Time="103813">AddField \\METANOIA\GeoData\NDS\EMERICK\parcel_topology_test.gdb\cadastre\parcel_area_09222011_3 PIN TEXT # # # # NULLABLE NON_REQUIRED #</Process><Process ToolSource="C:\Program Files\ArcGIS\Desktop10.0\ArcToolbox\Toolboxes\Data Management Tools.tbx\AddField" Date="20110923" Time="103825">AddField \\METANOIA\GeoData\NDS\EMERICK\parcel_topology_test.gdb\cadastre\parcel_area_09222011_3 GPIN DOUBLE # # # # NULLABLE NON_REQUIRED #</Process><Process ToolSource="C:\Program Files\ArcGIS\Desktop10.0\ArcToolbox\Toolboxes\Data Management Tools.tbx\AddField" Date="20110923" Time="103837">AddField \\METANOIA\GeoData\NDS\EMERICK\parcel_topology_test.gdb\cadastre\parcel_area_09222011_3 LABEL TEXT # # # # NULLABLE NON_REQUIRED #</Process><Process ToolSource="C:\Program Files\ArcGIS\Desktop10.0\ArcToolbox\Toolboxes\Data Management Tools.tbx\AddField" Date="20110923" Time="103849">AddField \\METANOIA\GeoData\NDS\EMERICK\parcel_topology_test.gdb\cadastre\parcel_area_09222011_3 TEXT TEXT # # # # NULLABLE NON_REQUIRED #</Process><Process ToolSource="C:\Program Files\ArcGIS\Desktop10.0\ArcToolbox\Toolboxes\Data Management Tools.tbx\CalculateField" Date="20110923" Time="103910">CalculateField \\METANOIA\GeoData\NDS\EMERICK\parcel_topology_test.gdb\cadastre\parcel_area_09222011_3 PIN !PROP_ID! PYTHON #</Process><Process ToolSource="C:\Program Files\ArcGIS\Desktop10.0\ArcToolbox\Toolboxes\Data Management Tools.tbx\CalculateField" Date="20110923" Time="103933">CalculateField \\METANOIA\GeoData\NDS\EMERICK\parcel_topology_test.gdb\cadastre\parcel_area_09222011_3 GPIN !PARCELSPOL! PYTHON #</Process><Process ToolSource="C:\Program Files\ArcGIS\Desktop10.0\ArcToolbox\Toolboxes\Data Management Tools.tbx\CalculateField" Date="20110923" Time="103957">CalculateField \\METANOIA\GeoData\NDS\EMERICK\parcel_topology_test.gdb\cadastre\parcel_area_09222011_3 LABEL !PARCELLABE! PYTHON #</Process><Process ToolSource="C:\Program Files\ArcGIS\Desktop10.0\ArcToolbox\Toolboxes\Data Management Tools.tbx\CalculateField" Date="20110923" Time="104020">CalculateField \\METANOIA\GeoData\NDS\EMERICK\parcel_topology_test.gdb\cadastre\parcel_area_09222011_3 TEXT !PARCELEXT! PYTHON #</Process><Process ToolSource="C:\Program Files\ArcGIS\Desktop10.0\ArcToolbox\Toolboxes\Data Management Tools.tbx\DeleteField" Date="20110923" Time="112256">DeleteField \\METANOIA\GeoData\NDS\EMERICK\parcel_topology_test.gdb\cadastre\parcel_area_09222011_3 ST_NUMBER</Process><Process ToolSource="C:\Program Files\ArcGIS\Desktop10.0\ArcToolbox\Toolboxes\Data Management Tools.tbx\DeleteField" Date="20110923" Time="112308">DeleteField \\METANOIA\GeoData\NDS\EMERICK\parcel_topology_test.gdb\cadastre\parcel_area_09222011_3 ST_UNIT</Process><Process ToolSource="C:\Program Files\ArcGIS\Desktop10.0\ArcToolbox\Toolboxes\Data Management Tools.tbx\DeleteField" Date="20110923" Time="112321">DeleteField \\METANOIA\GeoData\NDS\EMERICK\parcel_topology_test.gdb\cadastre\parcel_area_09222011_3 ADDRESS</Process><Process ToolSource="C:\Program Files\ArcGIS\Desktop10.0\ArcToolbox\Toolboxes\Data Management Tools.tbx\DeleteField" Date="20110923" Time="112334">DeleteField \\METANOIA\GeoData\NDS\EMERICK\parcel_topology_test.gdb\cadastre\parcel_area_09222011_3 ZIPCODE</Process><Process ToolSource="C:\Program Files\ArcGIS\Desktop10.0\ArcToolbox\Toolboxes\Data Management Tools.tbx\DeleteField" Date="20110923" Time="112347">DeleteField \\METANOIA\GeoData\NDS\EMERICK\parcel_topology_test.gdb\cadastre\parcel_area_09222011_3 OWNER</Process><Process ToolSource="C:\Program Files\ArcGIS\Desktop10.0\ArcToolbox\Toolboxes\Data Management Tools.tbx\DeleteField" Date="20110923" Time="112401">DeleteField \\METANOIA\GeoData\NDS\EMERICK\parcel_topology_test.gdb\cadastre\parcel_area_09222011_3 LEGALDESCR</Process><Process ToolSource="C:\Program Files\ArcGIS\Desktop10.0\ArcToolbox\Toolboxes\Data Management Tools.tbx\DeleteField" Date="20110923" Time="112414">DeleteField \\METANOIA\GeoData\NDS\EMERICK\parcel_topology_test.gdb\cadastre\parcel_area_09222011_3 CVGIS_SDEA</Process><Process ToolSource="C:\Program Files\ArcGIS\Desktop10.0\ArcToolbox\Toolboxes\Data Management Tools.tbx\DeleteField" Date="20110923" Time="112427">DeleteField \\METANOIA\GeoData\NDS\EMERICK\parcel_topology_test.gdb\cadastre\parcel_area_09222011_3 FILETYPE</Process><Process ToolSource="C:\Program Files\ArcGIS\Desktop10.0\ArcToolbox\Toolboxes\Data Management Tools.tbx\DeleteField" Date="20110923" Time="112440">DeleteField \\METANOIA\GeoData\NDS\EMERICK\parcel_topology_test.gdb\cadastre\parcel_area_09222011_3 ST_NAME</Process><Process ToolSource="C:\Program Files\ArcGIS\Desktop10.0\ArcToolbox\Toolboxes\Data Management Tools.tbx\DeleteField" Date="20110923" Time="112453">DeleteField \\METANOIA\GeoData\NDS\EMERICK\parcel_topology_test.gdb\cadastre\parcel_area_09222011_3 CADTYPE</Process><Process ToolSource="C:\Program Files\ArcGIS\Desktop10.0\ArcToolbox\Toolboxes\Data Management Tools.tbx\DeleteField" Date="20110923" Time="112506">DeleteField \\METANOIA\GeoData\NDS\EMERICK\parcel_topology_test.gdb\cadastre\parcel_area_09222011_3 REFNAME</Process><Process ToolSource="C:\Program Files\ArcGIS\Desktop10.0\ArcToolbox\Toolboxes\Data Management Tools.tbx\DeleteField" Date="20110923" Time="112519">DeleteField \\METANOIA\GeoData\NDS\EMERICK\parcel_topology_test.gdb\cadastre\parcel_area_09222011_3 LOTSQFT</Process><Process ToolSource="C:\Program Files\ArcGIS\Desktop10.0\ArcToolbox\Toolboxes\Data Management Tools.tbx\DeleteField" Date="20110923" Time="112533">DeleteField \\METANOIA\GeoData\NDS\EMERICK\parcel_topology_test.gdb\cadastre\parcel_area_09222011_3 LAYER</Process><Process ToolSource="C:\Program Files\ArcGIS\Desktop10.0\ArcToolbox\Toolboxes\Data Management Tools.tbx\DeleteField" Date="20110923" Time="112547">DeleteField \\METANOIA\GeoData\NDS\EMERICK\parcel_topology_test.gdb\cadastre\parcel_area_09222011_3 LYRCOLOR</Process><Process ToolSource="C:\Program Files\ArcGIS\Desktop10.0\ArcToolbox\Toolboxes\Data Management Tools.tbx\DeleteField" Date="20110923" Time="112559">DeleteField \\METANOIA\GeoData\NDS\EMERICK\parcel_topology_test.gdb\cadastre\parcel_area_09222011_3 PGEXCEPTIO</Process><Process ToolSource="C:\Program Files\ArcGIS\Desktop10.0\ArcToolbox\Toolboxes\Data Management Tools.tbx\DeleteField" Date="20110923" Time="112612">DeleteField \\METANOIA\GeoData\NDS\EMERICK\parcel_topology_test.gdb\cadastre\parcel_area_09222011_3 PERIMETER</Process><Process ToolSource="C:\Program Files\ArcGIS\Desktop10.0\ArcToolbox\Toolboxes\Data Management Tools.tbx\DeleteField" Date="20110923" Time="112625">DeleteField \\METANOIA\GeoData\NDS\EMERICK\parcel_topology_test.gdb\cadastre\parcel_area_09222011_3 PROP_ID</Process><Process ToolSource="C:\Program Files\ArcGIS\Desktop10.0\ArcToolbox\Toolboxes\Data Management Tools.tbx\DeleteField" Date="20110923" Time="112638">DeleteField \\METANOIA\GeoData\NDS\EMERICK\parcel_topology_test.gdb\cadastre\parcel_area_09222011_3 PARCELSPOL</Process><Process ToolSource="C:\Program Files\ArcGIS\Desktop10.0\ArcToolbox\Toolboxes\Data Management Tools.tbx\DeleteField" Date="20110923" Time="112651">DeleteField \\METANOIA\GeoData\NDS\EMERICK\parcel_topology_test.gdb\cadastre\parcel_area_09222011_3 PARCELLABE</Process><Process ToolSource="C:\Program Files\ArcGIS\Desktop10.0\ArcToolbox\Toolboxes\Data Management Tools.tbx\DeleteField" Date="20110923" Time="112703">DeleteField \\METANOIA\GeoData\NDS\EMERICK\parcel_topology_test.gdb\cadastre\parcel_area_09222011_3 PARCELEXT</Process><Process ToolSource="C:\Program Files\ArcGIS\Desktop10.0\ArcToolbox\Toolboxes\Conversion Tools.tbx\FeatureClassToFeatureClass" Date="20110926" Time="064033">FeatureClassToFeatureClass \\metanoia\geodata\IT\SIMPSON\toSDE\TREX_New_Parcel_SHIT_Export_Output.shp "Database Connections\CITY_SQL_Connection to gisprddb.sde\cvgis.CITY.Cadastre" parcel_area # "PIN "PIN" true true false 19 Text 0 0 ,First,#,\\metanoia\geodata\IT\SIMPSON\toSDE\TREX_New_Parcel_SHIT_Export_Output.shp,PIN,-1,-1;GPIN "GPIN" true true false 19 Double 11 18 ,First,#,\\metanoia\geodata\IT\SIMPSON\toSDE\TREX_New_Parcel_SHIT_Export_Output.shp,GPIN,-1,-1;PARCELNO "PARCELNO" true true false 19 Double 11 18 ,First,#,\\metanoia\geodata\IT\SIMPSON\toSDE\TREX_New_Parcel_SHIT_Export_Output.shp,PARCELNO,-1,-1;LABEL "LABEL" true true false 15 Text 0 0 ,First,#,\\metanoia\geodata\IT\SIMPSON\toSDE\TREX_New_Parcel_SHIT_Export_Output.shp,LABEL,-1,-1;MAPPAGE "MAPPAGE" true true false 7 Text 0 0 ,First,#,\\metanoia\geodata\IT\SIMPSON\toSDE\TREX_New_Parcel_SHIT_Export_Output.shp,MAPPAGE,-1,-1;TEXT "TEXT" true true false 14 Text 0 0 ,First,#,\\metanoia\geodata\IT\SIMPSON\toSDE\TREX_New_Parcel_SHIT_Export_Output.shp,TEXT,-1,-1;ENTCORRIDO "ENTCORRIDO" true true false 13 Text 0 0 ,First,#,\\metanoia\geodata\IT\SIMPSON\toSDE\TREX_New_Parcel_SHIT_Export_Output.shp,ENTCORRIDO,-1,-1;PLANNEDUNI "PLANNEDUNI" true true false 12 Text 0 0 ,First,#,\\metanoia\geodata\IT\SIMPSON\toSDE\TREX_New_Parcel_SHIT_Export_Output.shp,PLANNEDUNI,-1,-1;SPECIALUSE "SPECIALUSE" true true false 12 Text 0 0 ,First,#,\\metanoia\geodata\IT\SIMPSON\toSDE\TREX_New_Parcel_SHIT_Export_Output.shp,SPECIALUSE,-1,-1;ZONE "ZONE" true true false 7 Text 0 0 ,First,#,\\metanoia\geodata\IT\SIMPSON\toSDE\TREX_New_Parcel_SHIT_Export_Output.shp,ZONE,-1,-1;UPDATED "UPDATED" true true false 8 Date 0 0 ,First,#,\\metanoia\geodata\IT\SIMPSON\toSDE\TREX_New_Parcel_SHIT_Export_Output.shp,UPDATED,-1,-1;UPDATED_BY "UPDATED_BY" true true false 10 Text 0 0 ,First,#,\\metanoia\geodata\IT\SIMPSON\toSDE\TREX_New_Parcel_SHIT_Export_Output.shp,UPDATED_BY,-1,-1;COGO "COGO" true true false 3 Text 0 0 ,First,#,\\metanoia\geodata\IT\SIMPSON\toSDE\TREX_New_Parcel_SHIT_Export_Output.shp,COGO,-1,-1;GPS "GPS" true true false 3 Text 0 0 ,First,#,\\metanoia\geodata\IT\SIMPSON\toSDE\TREX_New_Parcel_SHIT_Export_Output.shp,GPS,-1,-1;CREATED "CREATED" true true false 8 Date 0 0 ,First,#,\\metanoia\geodata\IT\SIMPSON\toSDE\TREX_New_Parcel_SHIT_Export_Output.shp,CREATED,-1,-1;PIN_SHORT "PIN_SHORT" true true false 20 Text 0 0 ,First,#,\\metanoia\geodata\IT\SIMPSON\toSDE\TREX_New_Parcel_SHIT_Export_Output.shp,PIN_SHORT,-1,-1" #</Process><Process ToolSource="C:\Program Files\ArcGIS\Desktop10.0\ArcToolbox\Toolboxes\Data Management Tools.tbx\CalculateField" Date="20111007" Time="130516">CalculateField cvgis.CITY.parcel_area PIN_SHORT y(!PIN!) PYTHON_9.3 "def y(input):\n    out = input[0:2].lstrip("0") + input[2:3].strip("0") + "-" + input[3:6].lstrip("0") + "." + input[6:9].rstrip("0")\n    out = out.rstrip("-.")\n    return out"</Process><Process ToolSource="C:\Program Files\ArcGIS\Desktop10.0\ArcToolbox\Toolboxes\Data Management Tools.tbx\AddField" Date="20111009" Time="182809">AddField "Database Connections\Connection to GISPRDDB as loader.sde\cvgis.CITY.Cadastre\cvgis.CITY.parcel_area" X DOUBLE # # # # NULLABLE NON_REQUIRED #</Process><Process ToolSource="C:\Program Files\ArcGIS\Desktop10.0\ArcToolbox\Toolboxes\Data Management Tools.tbx\AddField" Date="20111009" Time="182852">AddField "Database Connections\Connection to GISPRDDB as loader.sde\cvgis.CITY.Cadastre\cvgis.CITY.parcel_area" Y DOUBLE # # # # NULLABLE NON_REQUIRED #</Process><Process ToolSource="c:\program files\arcgis\desktop10.0\ArcToolbox\Toolboxes\Data Management Tools.tbx\DeleteField" Date="20120819" Time="222526">DeleteField "Database Connections\CITY_SQL_Connection to gisprddb.sde\cvgis.CITY.Cadastre\cvgis.CITY.parcel_area" ENTCORRIDO;PLANNEDUNI;SPECIALUSE;UPDATED;UPDATED_BY;COGO;GPS;CREATED;X;Y</Process><Process ToolSource="c:\program files\arcgis\desktop10.0\ArcToolbox\Toolboxes\Data Management Tools.tbx\AddField" Date="20121204" Time="202350">AddField "Database Connections\CITY_SQL_Connection to gisprddb.sde\cvgis.CITY.Cadastre\cvgis.CITY.parcel_area" MULTIPIN DOUBLE 5 # # # NULLABLE NON_REQUIRED #</Process><Process ToolSource="C:\Program Files\ArcGIS\Desktop10.0\ArcToolbox\Toolboxes\Data Management Tools.tbx\CalculateField" Date="20130417" Time="115406">CalculateField cvgis.CITY.parcel_area MAPPAGE "49CT2" VB #</Process><Process ToolSource="C:\Program Files\ArcGIS\Desktop10.0\ArcToolbox\Toolboxes\Data Management Tools.tbx\CalculateField" Date="20130417" Time="115621">CalculateField cvgis.CITY.parcel_area MAPPAGE "49CT" VB #</Process><Process ToolSource="C:\Program Files\ArcGIS\Desktop10.0\ArcToolbox\Toolboxes\Data Management Tools.tbx\CalculateField" Date="20130417" Time="115812">CalculateField cvgis.CITY.parcel_area MAPPAGE "49" VB #</Process><Process ToolSource="C:\Program Files\ArcGIS\Desktop10.0\ArcToolbox\Toolboxes\Data Management Tools.tbx\CalculateField" Date="20130417" Time="120912">CalculateField cvgis.CITY.parcel_area MAPPAGE "59CT" VB #</Process><Process ToolSource="c:\program files\arcgis\desktop10.1\ArcToolbox\Toolboxes\Data Management Tools.tbx\CopyFeatures" Date="20140617" Time="220050">CopyFeatures "D:\GeoData\IT\Data_Automation\temp\Connection to GISPRDDB.sde\cvgis.CITY.parcel_area" D:\GeoData\IT\Data_Automation\temp\parcel_area.shp # 0 0 0</Process></lineage><itemProps><itemName Sync="TRUE">parcel_area</itemName><imsContentType Sync="TRUE">002</imsContentType><itemSize Sync="TRUE">0.000</itemSize><itemLocation><linkage Sync="TRUE">file://\\METANOIA\GeoData\IT\Data_Automation\temp\parcel_area.shp</linkage><protocol Sync="TRUE">Local Area Network</protocol></itemLocation><nativeExtBox><westBL Sync="TRUE">11476077.000000</westBL><eastBL Sync="TRUE">11498365.000000</eastBL><southBL Sync="TRUE">3891190.000000</southBL><northBL Sync="TRUE">3913342.750000</northBL><exTypeCode Sync="TRUE">1</exTypeCode></nativeExtBox></itemProps><coordRef><type Sync="TRUE">Projected</type><geogcsn Sync="TRUE">GCS_North_American_1983</geogcsn><projcsn Sync="TRUE">NAD_1983_StatePlane_Virginia_South_FIPS_4502_Feet</projcsn><peXml Sync="TRUE">&lt;ProjectedCoordinateSystem xsi:type='typens:ProjectedCoordinateSystem' xmlns:xsi='http://www.w3.org/2001/XMLSchema-instance' xmlns:xs='http://www.w3.org/2001/XMLSchema' xmlns:typens='http://www.esri.com/schemas/ArcGIS/10.1'&gt;&lt;WKT&gt;PROJCS[&amp;quot;NAD_1983_StatePlane_Virginia_South_FIPS_4502_Feet&amp;quot;,GEOGCS[&amp;quot;GCS_North_American_1983&amp;quot;,DATUM[&amp;quot;D_North_American_1983&amp;quot;,SPHEROID[&amp;quot;GRS_1980&amp;quot;,6378137.0,298.257222101]],PRIMEM[&amp;quot;Greenwich&amp;quot;,0.0],UNIT[&amp;quot;Degree&amp;quot;,0.0174532925199433]],PROJECTION[&amp;quot;Lambert_Conformal_Conic&amp;quot;],PARAMETER[&amp;quot;False_Easting&amp;quot;,11482916.66666666],PARAMETER[&amp;quot;False_Northing&amp;quot;,3280833.333333333],PARAMETER[&amp;quot;Central_Meridian&amp;quot;,-78.5],PARAMETER[&amp;quot;Standard_Parallel_1&amp;quot;,36.76666666666667],PARAMETER[&amp;quot;Standard_Parallel_2&amp;quot;,37.96666666666667],PARAMETER[&amp;quot;Latitude_Of_Origin&amp;quot;,36.33333333333334],UNIT[&amp;quot;Foot_US&amp;quot;,0.3048006096012192],AUTHORITY[&amp;quot;EPSG&amp;quot;,2284]]&lt;/WKT&gt;&lt;XOrigin&gt;-111140600&lt;/XOrigin&gt;&lt;YOrigin&gt;-91532100&lt;/YOrigin&gt;&lt;XYScale&gt;36727036.750856541&lt;/XYScale&gt;&lt;ZOrigin&gt;-100000&lt;/ZOrigin&gt;&lt;ZScale&gt;10000&lt;/ZScale&gt;&lt;MOrigin&gt;-100000&lt;/MOrigin&gt;&lt;MScale&gt;10000&lt;/MScale&gt;&lt;XYTolerance&gt;0.0032808333333333331&lt;/XYTolerance&gt;&lt;ZTolerance&gt;0.001&lt;/ZTolerance&gt;&lt;MTolerance&gt;0.001&lt;/MTolerance&gt;&lt;HighPrecision&gt;true&lt;/HighPrecision&gt;&lt;WKID&gt;102747&lt;/WKID&gt;&lt;LatestWKID&gt;2284&lt;/LatestWKID&gt;&lt;/ProjectedCoordinateSystem&gt;</peXml><csUnits Sync="TRUE">Linear Unit: Foot_US (0.304801)</csUnits></coordRef><copyHistory><copy source="\\Metanoia\geodata\IT\Parcels_2" dest="\\Metanoia\geodata\IT\NancyDR\Parcels_2" date="20110404" time="13463000"/></copyHistory></DataProperties><ArcGISFormat>1.0</ArcGISFormat></Esri><idinfo><citation><citeinfo><onlink Sync="TRUE">Server=odyssey; Service=5153; Database=cvgis; Version=sde.DEFAULT</onlink><origin>REQUIRED: The name of an organization or individual that developed the data set.</origin><pubdate>REQUIRED: The date when the data set is published or otherwise made available for release.</pubdate><title Sync="TRUE">cvgis.SDEADMIN90.Parcels</title><ftname Sync="TRUE">cvgis.SDEADMIN90.Parcels</ftname><geoform Sync="TRUE">vector digital data</geoform></citeinfo></citation><native Sync="TRUE">Microsoft Windows XP Version 5.1 (Build 2600) Service Pack 3; ESRI ArcCatalog 9.3.1.1850</native><descript><langdata Sync="TRUE">en</langdata><abstract>Tax lots, right-of-way outlines and tax account numbers as represented on city tax assessor hard copy maps. Each Taxlot carries as an attribute the "Property ID" for that parcel which can be used to associate the taxlot with the information in the Assessor's database.  Selected items from the Assessor's file are included in the attribute table for each taxlot. The tax lot spatial features are maintained by Neighborhood Development Services (NDS) staff.  These taxlot parcels as well as the assessor data, are updated on a daily basis. </abstract><purpose>All data associated with the taxlot data are compiled by the City of Charlottesville from existing records created and maintained by City Assessment and Taxation offices.Care should be taken in the use and interpretation of these data. Not all columns are fully populated by the assessor.  For example, the landuse and property columns are maintained using GIS and are useful for producing generalized maps, but are not considered reliable for legal purposes.  Field verification has not been done. </purpose></descript><timeperd><current>publication date</current><timeinfo><sngdate><caldate>REQUIRED: The year (and optionally month, or month and day) for which the data set corresponds to the ground.</caldate></sngdate></timeinfo></timeperd><status><progress>In work</progress><update>As needed</update></status><spdom><bounding><westbc Sync="TRUE">-78.523758</westbc><eastbc Sync="TRUE">-78.446340</eastbc><northbc Sync="TRUE">38.070485</northbc><southbc Sync="TRUE">38.009642</southbc></bounding><lboundng><leftbc Sync="TRUE">11476077.000000</leftbc><rightbc Sync="TRUE">11498365.000000</rightbc><bottombc Sync="TRUE">3891190.000000</bottombc><topbc Sync="TRUE">3913342.750000</topbc></lboundng></spdom><keywords><theme><themekt>REQUIRED: Reference to a formally registered thesaurus or a similar authoritative source of theme keywords.</themekt><themekey>Parcels</themekey><themekey>Taxlot</themekey><themekey>Property</themekey><themekey>Parcel</themekey></theme><place><placekey>Albemarle County</placekey><placekey>City of Charlottesville</placekey></place></keywords><accconst>REQUIRED: Restrictions and legal prerequisites for accessing the data set.</accconst><useconst>REQUIRED: Restrictions and legal prerequisites for using the data set after access is granted.</useconst><natvform Sync="TRUE">SDE Feature Class</natvform><ptcontac><cntinfo><cntperp><cntper>Pam Murray</cntper><cntorg>NDS</cntorg></cntperp><cntpos>Engineer</cntpos><cntvoice>X3529</cntvoice></cntinfo></ptcontac></idinfo><distInfo><distributor><distorTran><onLineSrc><linkage Sync="TRUE">Server=odyssey; Service=5153; Database=cvgis; Version=sde.DEFAULT</linkage><protocol Sync="TRUE">ArcSDE Connection</protocol><orDesc Sync="TRUE">002</orDesc></onLineSrc><transSize Sync="TRUE">0.000</transSize></distorTran><distorFormat><formatName Sync="TRUE">SDE Feature Class</formatName></distorFormat></distributor><distFormat><formatName Sync="TRUE">Shapefile</formatName></distFormat><distTranOps><transSize Sync="TRUE">0.000</transSize></distTranOps></distInfo><dataqual><lineage><procstep><procdesc Sync="TRUE">Dataset copied.</procdesc><srcused Sync="TRUE">I:\USERS\GIS\SIMPSON\QAQC\JOIN_FINAL_STRETCHExport_Output</srcused><date Sync="TRUE">20081121</date><time Sync="TRUE">11162400</time></procstep></lineage></dataqual><dataIdInfo><envirDesc Sync="TRUE">Microsoft Windows Server 2003 R2 Version 5.2 (Build 3790) Service Pack 2; Esri ArcGIS 10.1.1.3143</envirDesc><dataLang><languageCode Sync="TRUE" value="en" country="USA"/><countryCode value="US" Sync="TRUE"/></dataLang><idCitation><resTitle Sync="TRUE">parcel_area</resTitle><presForm><PresFormCd Sync="TRUE" value="005"/></presForm></idCitation><spatRpType><SpatRepTypCd Sync="TRUE" value="001"/></spatRpType><dataExt><geoEle><GeoBndBox esriExtentType="native"><westBL Sync="TRUE">11476077</westBL><eastBL Sync="TRUE">11498365</eastBL><northBL Sync="TRUE">3913342.75</northBL><southBL Sync="TRUE">3891190</southBL><exTypeCode Sync="TRUE">1</exTypeCode></GeoBndBox></geoEle></dataExt><geoBox esriExtentType="decdegrees"><westBL Sync="TRUE">-78.523758</westBL><eastBL Sync="TRUE">-78.44634</eastBL><northBL Sync="TRUE">38.070485</northBL><southBL Sync="TRUE">38.009642</southBL><exTypeCode Sync="TRUE">1</exTypeCode></geoBox><descKeys><thesaName uuidref="723f6998-058e-11dc-8314-0800200c9a66"/><keyword Sync="TRUE">002</keyword></descKeys><dataExt><geoEle><GeoBndBox esriExtentType="search"><exTypeCode Sync="TRUE">1</exTypeCode><westBL Sync="TRUE">-78.523758</westBL><eastBL Sync="TRUE">-78.446340</eastBL><northBL Sync="TRUE">38.070485</northBL><southBL Sync="TRUE">38.009642</southBL></GeoBndBox></geoEle></dataExt></dataIdInfo><metainfo><langmeta Sync="TRUE">en</langmeta><metstdn Sync="TRUE">FGDC Content Standards for Digital Geospatial Metadata</metstdn><metstdv Sync="TRUE">FGDC-STD-001-1998</metstdv><mettc Sync="TRUE">local time</mettc><metc><cntinfo><cntorgp><cntper>REQUIRED: The person responsible for the metadata information.</cntper><cntorg>REQUIRED: The organization responsible for the metadata information.</cntorg></cntorgp><cntaddr><addrtype>REQUIRED: The mailing and/or physical address for the organization or individual.</addrtype><city>REQUIRED: The city of the address.</city><state>REQUIRED: The state or province of the address.</state><postal>REQUIRED: The ZIP or other postal code of the address.</postal></cntaddr><cntvoice>REQUIRED: The telephone number by which individuals can speak to the organization or individual.</cntvoice></cntinfo></metc><metd Sync="TRUE">20101105</metd></metainfo><mdLang><languageCode Sync="TRUE" value="en"/><countryCode value="US" Sync="TRUE"/></mdLang><mdStanName Sync="TRUE">ISO 19115 Geographic Information - Metadata</mdStanName><mdStanVer Sync="TRUE">DIS_ESRI1.0</mdStanVer><mdChar><CharSetCd Sync="TRUE" value="004"/></mdChar><mdHrLv><ScopeCd Sync="TRUE" value="005"/></mdHrLv><mdHrLvName Sync="TRUE">dataset</mdHrLvName><distinfo><resdesc Sync="TRUE">Downloadable Data</resdesc><stdorder><digform><digtinfo><transize Sync="TRUE">0.000</transize><dssize Sync="TRUE">0.000</dssize></digtinfo></digform></stdorder></distinfo><spdoinfo><direct Sync="TRUE">Vector</direct><ptvctinf><esriterm Name="parcel_area"><efeatyp Sync="TRUE">Simple</efeatyp><efeageom code="4" Sync="TRUE"></efeageom><esritopo Sync="TRUE">FALSE</esritopo><efeacnt Sync="TRUE">0</efeacnt><spindex Sync="TRUE">FALSE</spindex><linrefer Sync="TRUE">FALSE</linrefer></esriterm></ptvctinf></spdoinfo><spref><horizsys><cordsysn><geogcsn Sync="TRUE">GCS_North_American_1983</geogcsn><projcsn Sync="TRUE">NAD_1983_StatePlane_Virginia_South_FIPS_4502_Feet</projcsn></cordsysn><planar><planci><plance Sync="TRUE">coordinate pair</plance><plandu Sync="TRUE">survey feet</plandu><coordrep><absres Sync="TRUE">0.010000</absres><ordres Sync="TRUE">0.010000</ordres></coordrep></planci></planar><geodetic><horizdn Sync="TRUE">North American Datum of 1983</horizdn><ellips Sync="TRUE">Geodetic Reference System 80</ellips><semiaxis Sync="TRUE">6378137.000000</semiaxis><denflat Sync="TRUE">298.257222</denflat></geodetic></horizsys><vertdef><altsys><altenc Sync="TRUE">Explicit elevation coordinate included with horizontal coordinates</altenc><altres Sync="TRUE">1.000000</altres></altsys></vertdef></spref><refSysInfo><RefSystem><refSysID><identCode Sync="TRUE" code="2284">NAD_1983_StatePlane_Virginia_South_FIPS_4502_Feet</identCode><idCodeSpace Sync="TRUE">EPSG</idCodeSpace><idVersion Sync="TRUE">7.11.2</idVersion></refSysID></RefSystem></refSysInfo><spatRepInfo><VectSpatRep><geometObjs Name="parcel_area"><geoObjTyp><GeoObjTypCd value="002" Sync="TRUE"></GeoObjTypCd></geoObjTyp><geoObjCnt Sync="TRUE">0</geoObjCnt></geometObjs><topLvl><TopoLevCd value="001" Sync="TRUE"></TopoLevCd></topLvl></VectSpatRep></spatRepInfo><eainfo><detailed Name="parcel_area"><enttyp><enttypl Sync="TRUE">parcel_area</enttypl><enttypt Sync="TRUE">Feature Class</enttypt><enttypc Sync="TRUE">0</enttypc></enttyp><attr><attrlabl Sync="TRUE">FID</attrlabl><attalias Sync="TRUE">FID</attalias><attrtype Sync="TRUE">OID</attrtype><attwidth Sync="TRUE">4</attwidth><atprecis Sync="TRUE">0</atprecis><attscale Sync="TRUE">0</attscale><attrdef Sync="TRUE">Internal feature number.</attrdef><attrdefs Sync="TRUE">Esri</attrdefs><attrdomv><udom Sync="TRUE">Sequential unique whole numbers that are automatically generated.</udom></attrdomv></attr><attr><attrlabl Sync="TRUE">PIN</attrlabl><attalias Sync="TRUE">PIN</attalias><attrtype Sync="TRUE">String</attrtype><attwidth Sync="TRUE">19</attwidth><atprecis Sync="TRUE">0</atprecis><attscale Sync="TRUE">0</attscale></attr><attr><attrlabl Sync="TRUE">GPIN</attrlabl><attalias Sync="TRUE">GPIN</attalias><attrtype Sync="TRUE">Double</attrtype><attwidth Sync="TRUE">19</attwidth><atprecis Sync="TRUE">18</atprecis><attscale Sync="TRUE">11</attscale></attr><attr><attrlabl Sync="TRUE">ZONE</attrlabl><attalias Sync="TRUE">ZONE</attalias><attrtype Sync="TRUE">String</attrtype><attwidth Sync="TRUE">7</attwidth><atprecis Sync="TRUE">0</atprecis><attscale Sync="TRUE">0</attscale></attr><attr><attrlabl Sync="TRUE">LABEL</attrlabl><attalias Sync="TRUE">LABEL</attalias><attrtype Sync="TRUE">String</attrtype><attwidth Sync="TRUE">15</attwidth><atprecis Sync="TRUE">0</atprecis><attscale Sync="TRUE">0</attscale></attr><attr><attrlabl Sync="TRUE">PARCELNO</attrlabl><attalias Sync="TRUE">PARCELNO</attalias><attrtype Sync="TRUE">Double</attrtype><attwidth Sync="TRUE">19</attwidth><atprecis Sync="TRUE">18</atprecis><attscale Sync="TRUE">11</attscale></attr><attr><attrlabl Sync="TRUE">TEXT</attrlabl><attalias Sync="TRUE">TEXT</attalias><attrtype Sync="TRUE">String</attrtype><attwidth Sync="TRUE">14</attwidth><atprecis Sync="TRUE">0</atprecis><attscale Sync="TRUE">0</attscale></attr><attr><attrlabl Sync="TRUE">MAPPAGE</attrlabl><attalias Sync="TRUE">MAPPAGE</attalias><attrtype Sync="TRUE">String</attrtype><attwidth Sync="TRUE">7</attwidth><atprecis Sync="TRUE">0</atprecis><attscale Sync="TRUE">0</attscale></attr><attr><attrlabl Sync="TRUE">PIN_SHORT</attrlabl><attalias Sync="TRUE">PIN_SHORT</attalias><attrtype Sync="TRUE">String</attrtype><attwidth Sync="TRUE">20</attwidth><atprecis Sync="TRUE">0</atprecis><attscale Sync="TRUE">0</attscale></attr><attr><attrlabl Sync="TRUE">SHAPE</attrlabl><attalias Sync="TRUE">Shape</attalias><attrtype Sync="TRUE">Geometry</attrtype><attwidth Sync="TRUE">0</attwidth><atprecis Sync="TRUE">0</atprecis><attscale Sync="TRUE">0</attscale><attrdef Sync="TRUE">Feature geometry.</attrdef><attrdefs Sync="TRUE">ESRI</attrdefs><attrdomv><udom Sync="TRUE">Coordinates defining the features.</udom></attrdomv></attr><attr><attrlabl Sync="TRUE">MULTIPIN</attrlabl><attalias Sync="TRUE">MULTIPIN</attalias><attrtype Sync="TRUE">Double</attrtype><attwidth Sync="TRUE">19</attwidth><atprecis Sync="TRUE">18</atprecis><attscale Sync="TRUE">8</attscale></attr><attr><attrlabl Sync="TRUE">Shape_area</attrlabl><attalias Sync="TRUE">Shape_area</attalias><attrtype Sync="TRUE">Double</attrtype><attwidth Sync="TRUE">19</attwidth><atprecis Sync="TRUE">0</atprecis><attscale Sync="TRUE">0</attscale><attrdef Sync="TRUE">Area of feature in internal units squared.</attrdef><attrdefs Sync="TRUE">Esri</attrdefs><attrdomv><udom Sync="TRUE">Positive real numbers that are automatically generated.</udom></attrdomv></attr><attr><attrlabl Sync="TRUE">Shape_len</attrlabl><attalias Sync="TRUE">Shape_len</attalias><attrtype Sync="TRUE">Double</attrtype><attwidth Sync="TRUE">19</attwidth><atprecis Sync="TRUE">0</atprecis><attscale Sync="TRUE">0</attscale></attr></detailed></eainfo><mdDateSt Sync="TRUE">20140617</mdDateSt></metadata>
